"","Participant","Condition","First.Sample","Tot.Mturk.Studies","Tot.Econ.Studies","Tot.Psych.Studies","Age","Gender","Education","Ethnicity","Income","Pol.Affil","Val","SDO","HH","EX","Att","BFI_Open","SE_Mem","SE_Private","SE_Public","SE_Importance","n_trials","in_samples","out_samples","In.Est","Out.Est"
"1","311",2,"-1","59,558","1000","1000",45,0,3,0,4,3,"neg",5.5,3.1,3.3,0,3.33333333333333,5.25,6.75,4.5,4.25,20,10,10,52,65
"2","312",3,"-1","20000","100","1000",25,1,4,0,8,3,"pos",2,5.7,3.4,0,3.08333333333333,6.25,7,7,4,6,3,3,66,70
"3","313",2,"1","15000","1000","5000",57,1,4,0,10,1,"pos",2.375,4.9,5.7,0,3.08333333333333,6.75,6.5,6.5,4.25,25,13,12,71,70
"4","314",1,"1","5000","1000","2500",37,1,2,0,0,2,"neg",1.75,4.6,3.7,0,2.75,3.25,4.75,5,2.5,8,4,4,59,53
"5","315",1,"-1","3000","500","1000",36,0,4,0,3,1,"pos",1.25,5.7,3,0,2.83333333333333,6.5,6.5,6.75,2.5,4,2,2,64,72
"6","316",3,"1","800","200","600",31,0,3,0,2,2,"neg",1.625,3.8,2.4,0,2.66666666666667,5.25,5,4.5,2,14,7,7,74,62
"7","317",1,"1","300","10","50",28,0,3,0,6,2,"pos",3.125,4.4,3.9,1,2.83333333333333,3.75,3.5,4,2.25,13,7,6,71,76
"8","318",3,"1","36000","3000","6000",49,1,3,0,5,1,"neg",2,4.3,5.4,0,2.91666666666667,7,7,7,6.5,4,2,2,68,55
"9","319",3,"1","2000","500","500",40,0,2,0,4,1,"pos",2.375,2.1,5.3,0,3.08333333333333,7,7,5,4.5,6,3,3,60,65
"10","320",2,"-1","3425","250","575",52,0,5,0,11,2,"pos",2.125,5.1,5,0,2.83333333333333,5.75,5.25,4.25,2.75,13,6,7,64,65
"11","321",3,"-1","18000","3000","3000",57,0,4,0,2,1,"pos",1.75,4.3,3.7,1,3,4.25,4,4.5,3,7,4,3,59,56
"12","322",3,"1","42000","5000","20000",28,1,4,0,4,3,"pos",1.125,4.6,2,0,3.08333333333333,4.5,4.25,4.25,4.25,7,4,3,72,62
"13","323",3,"-1","1000+","100","500",27,0,1,1,1,2,"neg",2.5,4.5,2.5,1,2.16666666666667,3.5,3.25,3.25,3.5,36,19,17,65,60
"14","324",1,"-1","43000+","1000","33400",55,1,1,0,5,3,"neg",2.125,4.1,4,1,3.5,6.25,6.5,6,6,8,4,4,63,67
"15","325",3,"-1","49000","3000","5000",56,0,4,0,6,2,"neg",1.875,4.7,3.1,1,2.91666666666667,4.5,5.5,5,5,8,4,4,64,64
"16","326",2,"-1","7000","1000","1500",24,0,4,0,10,1,"neg",1,5.6,2.1,0,2.58333333333333,5.25,4.75,4,4.25,18,9,9,65,57
"17","327",2,"-1","1500","50","50",38,0,4,0,9,3,"pos",2.625,3.2,5.3,1,2.91666666666667,5.75,6,6,3.75,20,10,10,70,40
"18","328",2,"-1","1000","50","100",27,1,2,0,2,1,"neg",1.625,4.8,2.4,0,2.75,4.75,5.75,4.75,5.75,14,7,7,60,65
"19","329",2,"-1","600","200","400",25,1,4,1,3,2,"pos",2.125,3.5,2.6,1,3.33333333333333,3.5,4.5,4,3.5,22,12,10,72,56
"20","330",1,"1","20","3","10",25,1,4,0,4,1,"pos",1.625,4.5,2.9,1,3.08333333333333,5.25,5,5.5,4,18,10,8,75,71
"21","331",1,"-1","200","20","20",34,1,4,0,3,2,"neg",2.375,4.7,5.5,0,2.75,6.25,7,7,4,15,8,7,61,71
"22","332",1,"-1","10000","4000","6000",47,1,0,0,6,3,"neg",2.875,4.4,3.5,1,3.08333333333333,5,4.5,5,4.25,16,9,7,62,55
"23","333",2,"-1","10120","120","6500",26,0,4,1,4,2,"neg",2.5,2.3,4.2,1,2.83333333333333,6.25,6.25,4.75,6.5,6,3,3,68,61
"24","334",2,"1","600","50","300",38,1,2,0,10,1,"pos",2.875,5,5,0,2.83333333333333,5.5,5.25,5,5,20,10,10,64,61
"25","335",3,"1","5000","1500","1500",40,1,1,0,4,2,"pos",2.375,4.6,4.4,0,2.83333333333333,5.25,5,4.5,4.25,7,4,3,76,75
"26","336",3,"-1","12500","5","500",55,1,4,0,7,1,"pos",3,2.9,6.2,1,2.91666666666667,6,4.75,5,5,6,3,3,73,68
"27","337",1,"-1","1950","200","1000",27,1,5,0,4,2,"neg",2.875,4.7,3.3,1,3.75,5.5,5,6,3,10,5,5,67,74
"28","338",1,"1","20000","100","5000",39,0,1,0,2,2,"pos",1.875,3.9,5.1,1,3.16666666666667,6.75,6.75,4.75,5,14,7,7,62,55
"29","339",2,"-1","500","200","200",37,0,5,0,9,3,"neg",2.875,4,5.5,1,3,6,6,6,6,11,6,5,63,68
"30","340",1,"1","1500","100","500",42,0,1,0,11,2,"pos",3.375,4.2,3.4,0,3.16666666666667,4.75,5.25,5.25,3,10,5,5,64,71
"31","341",2,"-1","1000","5","80",30,0,5,0,5,1,"pos",2.375,5.8,6,0,2.75,6,6,6.5,1,8,4,4,66,63
"32","342",2,"-1","2000","0","0",33,1,4,0,6,1,"neg",1.75,3.9,4.3,1,3,7,5.25,6.75,6.75,9,5,4,63,67
"33","343",3,"-1","8000","0","0",31,1,6,0,1,1,"neg",1.75,4.6,4.2,1,3,7,7,5.5,5.5,22,11,11,67,31
"34","344",2,"1","6766","100","3000",46,1,5,0,4,1,"pos",1.5,3.5,3.6,1,2.91666666666667,6.5,6.25,5.25,6.5,12,6,6,62,66
"35","345",3,"-1","10000","1000","8000",30,1,4,0,4,1,"pos",1,3.3,1.3,0,3.08333333333333,1.5,3,3.25,4.5,6,3,3,75,56
"36","346",1,"-1","100000","5000","5000",38,1,4,1,5,1,"pos",2.25,5.4,5.8,0,2.75,6.5,6.75,7,7,6,3,3,44,84
"38","348",1,"1","600","50","300",54,1,4,0,2,1,"pos",1.875,4.6,4.5,0,2.91666666666667,6.5,6.5,5,4.5,11,6,5,79,72
"39","349",2,"-1","5000","20","1000",34,1,5,0,4,1,"pos",1.5,4.3,4,0,2.83333333333333,5,4.25,4.5,3.5,4,2,2,61,63
"40","350",3,"1","5000","300","300",47,1,4,0,5,2,"pos",2.375,4.5,3.8,1,3,4.75,4.25,5,4,10,5,5,60,70
"41","351",1,"-1","2500","200","1800",36,0,4,0,3,1,"pos",1.5,3,2.9,0,2.75,4.5,4.25,4.25,2.75,7,4,3,60,60
"42","352",3,"1","10000","3000","4000",31,0,3,0,5,2,"pos",1.75,3.9,3.1,0,3.08333333333333,4.5,6.5,6,2.5,20,10,10,65,70
"43","353",3,"-1","20500","10000","10000",25,0,2,0,2,2,"neg",5.875,4,3.9,1,4.83333333333333,3.5,3.5,4.25,3.75,4,2,2,64,49
"44","354",3,"1","500","25","50",42,0,4,1,6,3,"neg",2.5,4.6,4.4,1,3.08333333333333,5.5,5.25,3.25,5.5,19,10,9,60,54
"45","355",1,"1","1000","100","500",27,0,1,1,1,2,"pos",1.25,5.4,3.1,1,1.25,2.5,3.5,2.25,1.75,16,7,9,61,72
"46","356",3,"-1","12000","3000","3000",25,1,4,1,6,1,"neg",2,5.4,5.1,0,2.75,6.75,6.25,6.5,2.75,9,6,3,60,60
"47","357",1,"-1","500","100","150",37,0,5,0,9,3,"pos",3.125,4.1,5.7,1,3,6,6,6,6,8,5,3,66,66
"48","358",3,"-1","500","100","100",38,0,4,0,9,3,"neg",2.375,3.9,5.5,1,2.91666666666667,5.75,5.75,6,3.75,3,2,1,70,50
"49","359",3,"1","1000","10","10",24,0,4,1,4,1,"neg",3.125,4.1,3.7,1,3,6,5.25,5.25,4.75,38,17,21,43,60
"50","360",1,"1","200","1","1",34,1,4,0,8,1,"pos",2,3.6,4.2,1,3,3.75,3.25,4,4,13,7,6,80,72
"51","361",2,"1","1000","100","500",27,0,1,1,1,2,"pos",1.75,4.2,3,1,2.41666666666667,4,1.75,2.5,2.5,12,6,6,65,59
"52","362",1,"-1","100","5","5",27,1,4,0,4,1,"neg",1.875,2.6,4.9,1,3.08333333333333,5.5,5.75,5.5,5.75,17,8,9,55,62
"53","363",1,"-1","1000","200","200",29,1,4,0,11,1,"pos",1.75,3.4,4.8,0,3.25,4.75,5,5,2.25,10,5,5,63,65
"54","364",3,"-1","31550","400","3000",39,1,3,0,2,2,"pos",2.125,5.1,4.4,0,3,6.75,7,7,6.5,4,2,2,71,50
"55","365",3,"1","10000","1000","7000",39,1,4,0,2,2,"pos",2.625,4.5,4.1,1,2.66666666666667,6.25,6.25,6.5,3.5,4,2,2,70,61
"56","366",1,"1","5000","250","2000",31,0,2,0,1,1,"pos",1.125,3.9,2.8,0,3.33333333333333,5.25,5.75,6.25,1,4,2,2,65,70
"57","367",3,"-1","17000","1000","7000",35,0,3,0,2,1,"pos",1.375,5.7,3.7,0,2.58333333333333,4.25,4.5,3.5,4.25,10,5,5,70,20
"58","368",2,"1","9800","150","400",35,0,5,0,7,1,"neg",2.125,5.1,6.1,0,3,7,7,7,7,20,10,10,65,55
"59","369",3,"-1","1000","100","100",27,1,2,0,2,1,"pos",1.625,4.8,2,0,2.75,4.75,5.5,4.5,5.25,9,4,5,65,64
"60","370",1,"-1","42000","2000","10000",26,1,2,0,1,1,"pos",1.5,4.9,3.3,0,2.83333333333333,3.5,3.25,4,3,2,2,0,56,65
"61","371",3,"1","28000","1000","2500",28,0,2,0,3,1,"neg",1.75,4.6,3.3,0,3,5.75,5.25,5.5,4.25,22,11,11,72,60
"62","372",3,"-1","7000","2000","3000",44,1,2,0,5,1,"pos",2.25,2.4,5.9,0,3,6.5,5.25,5.5,4,3,2,1,71,55
"63","373",1,"-1","500","100","200",32,0,4,0,5,2,"pos",2.625,4.7,4,0,3.16666666666667,6.5,5.75,5.75,4.25,12,6,6,65,69
"64","374",2,"-1","1000","20","200",24,1,4,0,0,3,"neg",1.625,4.3,4.2,1,3,6.5,6,6,5.5,14,8,6,69,74
"65","375",2,"-1","10000","200","2000",40,0,4,0,1,2,"pos",1.75,4.3,3.6,1,4.08333333333333,6.75,6,5.75,6.5,6,3,3,65,67
"66","376",1,"1","2000","30","1000",57,1,3,0,2,2,"neg",3.5,4.3,5.7,0,3,6.5,6.5,6.5,6.5,17,6,11,65,54
"67","377",3,"-1","2000","100","100",32,0,2,0,4,3,"neg",1.875,4.9,4,1,3.16666666666667,6.25,6.75,6.5,6.25,13,7,6,69,64
"68","378",3,"-1","1000","200","300",28,0,1,0,4,2,"pos",5.375,2.7,5.2,1,2.91666666666667,5.75,5.25,5.25,4.5,20,9,11,61,55
"69","379",2,"1","500","25","470",39,1,2,0,3,2,"neg",2.75,5.3,4.9,0,2.83333333333333,6.5,6.5,5.5,4.5,11,6,5,72,66
"70","380",2,"1","5000","2000","3000",36,0,1,1,3,3,"pos",2.25,3.6,2.5,0,3.25,5,4.75,3,2.5,27,11,16,56,66
"71","381",1,"-1","100000","20000","25000",31,1,4,0,3,1,"pos",3.5,3.1,4.5,1,3,6.25,5.75,6,6.25,12,6,6,63,72
"72","382",1,"-1","7900","2000","4000",31,0,3,0,9,1,"neg",1.75,4.4,3.7,0,4,5.5,7,7,1,10,5,5,60,60
"73","383",1,"1","18000","1000","1000",48,0,7,1,6,1,"pos",2.375,3.3,3.8,1,2.75,4.5,5.25,3.75,1.25,16,8,8,67,69
"74","384",1,"-1","150","25","75",51,1,2,0,3,3,"pos",4,5.2,4.7,0,2.91666666666667,5,5.5,5.75,4.5,14,7,7,75,70
"75","385",2,"-1","320","50","50",29,1,4,0,9,3,"pos",3.25,4.1,3.2,1,3.41666666666667,3.75,4,4.5,3.75,12,6,6,70,81
"76","386",2,"-1","15000","5000","10000",35,0,2,1,10,2,"pos",1.75,5.3,5.2,1,3.08333333333333,5.75,4.75,6,1,20,10,10,72,63
"77","387",1,"-1","13000",NA,"9000",65,1,4,0,1,1,"neg",1,5.2,2.1,0,3.58333333333333,4,3.5,4,1.75,12,6,6,44,61
"78","388",3,"-1","450","50","200",40,0,3,0,7,3,"pos",1.75,4.9,5.1,0,3.25,7,7,7,5.75,5,3,2,65,65
"79","389",2,"-1","80000","2000","10000",57,1,7,0,1,1,"pos",1.625,5.2,4.3,0,3,6,6.25,5.75,1,22,10,12,70,60
"80","390",3,"1","500","200","300",30,0,3,0,2,2,"pos",2.375,5.4,4.3,0,3.16666666666667,5.25,4.75,5,2,15,0,15,80,64
"81","391",3,"1","4500","650","1200",55,0,2,0,4,3,"neg",1.875,4,3.3,1,3.33333333333333,5.25,5.75,5.5,5.25,8,4,4,68,64
"82","392",2,"-1","3000","400","700",59,1,4,1,6,3,"neg",1.875,5.5,3.9,1,3.08333333333333,6.5,6,3,4.5,2,2,0,66,70
"83","393",1,"-1","1000","10","200",28,0,4,1,11,2,"pos",2.5,2.5,5.8,0,3,7,7,7,7,8,8,0,61,57
"84","394",3,"-1","15000","1000","12000",33,0,3,0,1,1,"neg",1.875,4.7,4.6,0,2.91666666666667,6.25,6.5,6,5,6,4,2,70,55
"85","395",2,"-1","6000","1200","1000",33,1,1,0,6,1,"pos",3.5,4.1,2.3,0,2.58333333333333,3.25,4.25,3.5,2.75,10,5,5,70,64
"86","396",2,"-1","1000","100","200",29,0,4,0,1,1,"neg",1,5,2.3,0,2.75,3.75,5,4,4.75,7,3,4,50,65
"87","397",3,"-1","20000","5000","5000",28,1,1,0,6,1,"neg",1.375,4.2,2.8,0,2.91666666666667,6,4.5,5.25,2.75,10,5,5,61,70
"88","398",3,"-1","13000","200","1000",37,0,7,0,3,2,"neg",3.375,3.3,2.9,1,2.75,5,5.75,5,4.75,6,4,2,70,67
"89","399",1,"-1","35000","120","15000",50,0,1,0,3,1,"neg",2,4.4,5.5,0,2.83333333333333,6.75,6.25,5.25,4,17,10,7,61,68
"90","400",1,"-1","3800","400","1500",40,0,2,0,9,2,"neg",1.5,4.1,3.3,0,2.91666666666667,4,4,4,3.25,23,12,11,53,59
"91","401",1,"-1","1800","50","100",24,1,1,0,2,3,"neg",2.375,4.2,4.6,1,2.83333333333333,5.5,5,5.25,5.25,25,13,12,64,63
"92","402",1,"-1","34000","200","600",62,1,4,0,10,1,"neg",2,4.9,5.3,1,3.16666666666667,6,5.75,6.25,5.5,20,10,10,55,65
"93","403",2,"1","600","200","300",33,1,1,0,2,1,"pos",2.25,3.6,5.5,0,2.91666666666667,7,7,7,7,6,3,3,70,55
"94","404",2,"-1","37263","250","1500",29,0,2,0,1,2,"neg",1.375,5.2,1.8,0,3.08333333333333,3.5,4.25,4.5,1.5,7,3,4,65,70
"95","405",3,"-1","20000","Don't know","Don't know",27,1,4,0,6,1,"neg",1.625,4.3,4.2,1,3.08333333333333,5.75,5.5,4.25,5,10,5,5,70,62
"96","406",3,"-1","95000","10000","10000",36,1,5,1,10,1,"pos",2.625,5.1,4.7,1,3.5,6,6,6.5,3.75,16,8,8,70,60
"97","407",3,"1","12000","1000","10000",35,1,4,0,2,2,"pos",2.25,3.4,5.3,0,3.41666666666667,7,7,6.25,5.5,3,0,3,64,56
"98","408",3,"-1","2500","100","500",24,0,1,0,2,3,"pos",2.5,4.5,3,1,3.33333333333333,3,2.75,4.25,3,21,11,10,65,76
"99","409",2,"1","1000","10","100",55,0,2,0,2,3,"pos",3.375,3.9,4,1,3.08333333333333,4.75,5,3.75,5.5,10,5,5,66,78
"100","410",3,"-1","47685","1","1",32,0,4,1,7,2,"neg",1.125,4.9,1.3,0,2.91666666666667,5,5,5,3,20,8,12,71,62
"101","411",3,"-1","1000","50","950",25,0,4,0,1,2,"neg",1.5,4.2,3.4,0,2.91666666666667,5.5,5.5,6.25,1,21,10,11,75,58
"102","412",3,"-1","460","50","100",32,0,5,0,4,2,"pos",2.375,4.2,5.9,1,3.16666666666667,6.5,6,5.5,4.75,5,3,2,82,59
"103","413",1,"1","19000","3000","5000",43,1,3,1,9,2,"pos",2,2.9,4.8,1,2.83333333333333,5,7,5.25,4.75,10,6,4,66,64
"104","414",1,"-1","1000","5","10",20,0,2,1,5,2,"neg",3.375,3.5,5.2,1,3.08333333333333,4,3.75,5,3.5,3,3,0,66,48
"105","415",2,"1","300`","60","100",28,1,4,0,9,1,"neg",2,4.9,5,0,2.91666666666667,5.75,6.25,6,4,5,2,3,67,58
"106","416",2,"-1","5000","500","500",39,0,2,0,7,1,"pos",2.125,3.6,6.1,0,3,6,5.75,5.5,2.5,16,8,8,73,64
"107","417",1,"-1","18000","5","100",41,1,4,0,11,2,"pos",4.875,5.5,2.7,0,3.25,5.25,5,4.75,1.5,18,9,9,67,67
"108","418",1,"-1","5100","350","121",27,1,5,0,2,2,"neg",3.75,4.1,4.2,1,3,4,4.25,4.25,3.5,4,2,2,58,63
"109","419",2,"-1","10000","2000","5000",59,1,7,1,3,1,"pos",1.375,5.2,3.4,0,4,4,5.5,2.75,6,6,3,3,60,60
"110","420",2,"-1","5600","3","50",42,1,4,1,4,3,"neg",2.625,4.4,4.2,1,3.08333333333333,3.75,3.5,4.75,1.5,12,6,6,55,65
"111","421",1,"-1","12500","I have no clue, a lot.","I have no idea, more than economics.",44,1,2,0,4,2,"neg",1.125,4,2.4,0,3.58333333333333,3.25,5.5,5.75,3.5,5,3,2,75,65
"112","422",3,"1","5000","150","1000",32,1,2,0,11,3,"neg",2.375,5.8,5.9,0,2.83333333333333,6.75,6.75,6.5,2.5,24,12,12,70,60
"113","423",3,"1","15000","2500","1500",50,0,2,0,5,2,"pos",3,5,5.5,1,3.16666666666667,6,5,4.75,5.25,20,10,10,70,63
"114","424",1,"1","10571","2300","6400",44,1,4,1,7,1,"pos",2.5,3.6,6,0,3.08333333333333,7,7,6.5,5.5,2,1,1,67,73
"115","425",2,"-1","5500","750","1250",24,1,5,0,4,2,"neg",1.75,3.3,4,1,2.75,5,4.25,5,4.25,4,2,2,66,61
"116","426",3,"-1","15000","100","1000",31,0,1,0,2,3,"pos",2.25,4.6,5,0,3.25,7,6.5,5.75,5,17,8,9,80,48
"117","427",1,"1","2500","50","1500",45,1,4,1,1,3,"neg",2.25,4.1,5.5,0,3.08333333333333,6,6.25,2.75,5.5,8,4,4,55,65
"118","428",3,"-1","1000","100","500",27,0,1,1,1,2,"neg",2,5,2,1,2.5,3.5,2,4.25,1.25,8,4,4,60,55
"119","429",2,"-1","9300","600","4200",52,1,4,1,1,1,"pos",1,2.7,1.6,0,3.25,1.5,3,3.75,1.5,10,4,6,62,65
"120","430",2,"-1","1120","30","40",56,1,4,0,2,1,"neg",2.625,5.3,2.8,1,2.75,4.25,4.75,5,2.5,3,2,1,58,53
"121","431",2,"-1","5300","100","250",57,1,4,0,3,3,"neg",3.875,4.1,4.4,0,2.91666666666667,5.25,5.25,5.25,3.25,12,6,6,63,69
"122","432",1,"-1","980","200","500",39,0,1,0,3,1,"pos",1.75,4,1.6,0,3.16666666666667,3.25,3.25,4,1.5,8,4,4,61,71
"123","433",1,"-1","45000","10000","20000",50,1,2,0,4,2,"neg",3.125,4.7,5.4,0,2.91666666666667,6.25,6.25,6,6,6,3,3,58,53
"124","434",3,"-1","10000","500","1000",30,0,1,0,2,2,"neg",3.75,3.7,4.3,1,3.41666666666667,3.25,3.75,4,3.75,18,8,10,34,58
"125","435",1,"1","1500","20","100",61,0,3,0,0,3,"pos",3.125,5.2,3.1,1,3.33333333333333,5.5,2.5,2.25,2.5,2,1,1,57,65
"126","436",1,"1","50000","30000","20000",33,NA,4,0,0,3,"neg",1,1.9,2.8,0,2.58333333333333,6.25,4,3.5,4.75,20,9,11,60,70
"127","437",3,"1","30000","100","1000",61,1,3,0,1,1,"neg",1.5,5.8,3.5,0,2.83333333333333,4.75,5.5,4,1,2,0,2,70,52
"128","438",2,"1","1500","25","1200",22,0,2,0,7,2,"neg",1.875,3.6,4.9,0,3,6.25,6,5.75,3.5,6,3,3,76,62
"129","439",2,"-1","3500","1500","100",36,0,5,1,5,1,"neg",2.875,5.8,5.4,0,3,7,7,4.75,7,2,1,1,65,64
"130","440",2,"1","10000","1000","2500",46,0,1,0,4,2,"neg",1.375,5.4,1.9,0,3.91666666666667,3,3.5,3.75,3,12,6,6,59,56
"131","441",3,"-1","2000","200","1000",24,1,2,0,4,1,"pos",1.625,4.2,4.7,0,3,7,7,7,6.5,24,10,14,74,58
"132","442",2,"1","1000","50","100",28,0,4,1,11,2,"neg",2.5,2.8,6.1,0,3,7,7,7,7,9,5,4,64,62
"133","443",1,"-1","1000","50","50",36,0,2,1,2,3,"pos",3.5,4,4.1,1,3.16666666666667,4.25,3.75,4,3.5,12,6,6,60,74
"134","444",2,"-1","500","100","200",27,1,7,0,5,2,"pos",2.125,3.9,3,0,2.83333333333333,4.5,5,5.5,4.75,16,8,8,70,75
"135","445",1,"1","17000","200","10000",67,0,2,0,3,1,"neg",2.25,5.6,5.7,0,2.91666666666667,5.75,5.75,4.25,4.75,22,11,11,76,47
"136","446",3,"-1","10000","500","1500",52,1,2,1,9,2,"pos",1.875,5.1,4.9,0,2.5,5.5,5.5,4,3.25,4,4,0,71,71
"137","447",2,"1","1000","200","300",20,1,1,0,3,3,"pos",3.125,3.7,2.3,0,2.83333333333333,2.75,4,4.75,3.25,17,8,9,66,70
"138","448",3,"-1","1000","10","500",34,0,6,0,4,1,"neg",3.5,3.9,4.2,2,2.5,2.75,4.5,4.25,3.5,14,9,5,66,76
"139","449",3,"-1","4500","100","200",38,0,1,0,3,2,"neg",2.75,2.5,3.5,1,3.08333333333333,5,4.5,5.25,1.75,14,7,7,68,50
"140","450",1,"-1","100","1","1",42,1,2,1,3,3,"neg",4.125,4.6,5.3,1,2.58333333333333,6,6.25,6.5,5,7,4,3,78,61
"141","451",1,"-1","5000","1000","2000",35,0,2,0,0,1,"neg",1.5,2.5,1.6,0,3.41666666666667,4.5,4.75,2.5,2.25,36,18,18,51,61
"142","452",3,"1","4000","500","1500",40,0,2,0,9,2,"neg",1.625,4.2,3,0,3.25,3.5,4.25,4,4,19,10,9,75,56
"143","453",1,"-1","70","10","10",25,1,2,0,10,1,"neg",1.75,4.3,5.2,1,2.83333333333333,6.75,6.25,6.5,6.5,10,5,5,61,76
"144","454",3,"-1","10000","100","1000",36,1,5,1,7,3,"pos",1.625,3.9,4.3,1,2.83333333333333,6.5,6.25,6.75,5,18,8,10,75,64
"145","455",1,"-1","1050","30","200",28,0,3,0,4,2,"neg",2.75,3.6,5.1,1,2.83333333333333,5.75,5.75,5.25,4.25,18,9,9,70,73
"146","456",1,"-1","6803","150","200",28,1,2,0,6,2,"pos",3.25,4.1,5.9,0,3.16666666666667,5.75,5.5,6,1.25,15,8,7,58,60
"147","457",3,"-1","60000","10000","45000",33,0,5,0,10,2,"pos",2.5,4.1,4.8,1,3.41666666666667,6.25,5.5,5,3.75,40,20,20,65,55
"148","458",3,"-1","19800","7000","5000",63,0,5,0,4,3,"neg",2.625,4.9,4.8,0,2.91666666666667,6.5,7,6.75,7,11,6,5,62,68
"149","459",1,"1","2000","5","a lot",26,1,3,0,3,1,"neg",2.75,5.1,5.3,1,3.08333333333333,5.75,4.5,5.75,2.25,12,6,6,58,62
"150","460",1,"-1","600","100","100",25,1,2,1,5,1,"pos",1.75,2.5,4.9,0,2.41666666666667,6.75,7,7,4.25,25,14,11,65,60
"151","461",3,"-1","15000","300","10000",53,1,2,0,1,1,"pos",1.625,4.9,5.1,0,3,7,7,6.75,6.25,18,9,9,71,56
"152","462",3,"-1","15000","1000","13000",28,1,2,0,5,1,"pos",2,5.5,5.1,0,3.08333333333333,4.25,4.75,4.25,4.5,6,3,3,55,56
"153","463",1,"-1","10000","300","200",34,0,2,0,4,3,"neg",2.125,3.1,4.5,0,2.75,5.75,4,4.5,4.75,7,4,3,61,63
"154","464",3,"1","300","10","20",40,0,2,0,10,3,"pos",1.625,4,2.9,0,3.25,4.5,4.5,4.25,3.25,9,5,4,70,75
"155","465",2,"-1","100","5","50",37,0,5,0,3,1,"neg",1.75,3.4,4.8,0,2.5,6,6.5,6,4.25,21,9,12,65,54
"156","466",2,"-1","300000","10000","50000",58,1,3,0,3,2,"neg",2.625,4.9,4.6,0,2.41666666666667,6.5,6.5,6.5,6.5,10,5,5,54,58
"157","467",2,"1","450","20","20",42,1,4,0,6,2,"neg",1.625,1.9,3.7,1,2.5,5,4.5,5,3.75,24,12,12,55,55
"158","468",1,"-1","306,564","20","26",40,0,3,0,4,2,"pos",3,5.7,4,0,2.83333333333333,6.5,3,4.5,3.75,6,3,3,65,41
"159","469",1,"1","1500","400","500",38,0,4,1,5,2,"pos",3.25,5.1,5.8,0,2.66666666666667,7,7,6.5,6.5,7,4,3,64,68
"160","470",2,"-1","250","50","150",45,0,5,1,11,1,"neg",3,3.8,5.2,1,2.75,6.75,6,4.5,5,20,8,12,61,67
"161","471",3,"-1","8125","3000","1000",53,1,3,0,1,1,"neg",2.5,5.6,5.6,0,3.5,7,5.25,6.75,6,30,15,15,61,80
"162","472",1,"-1","200+","~40","~40",33,1,4,0,4,2,"pos",3.375,3.3,5.1,1,3.25,6,5.25,5.75,5.25,14,14,0,73,66
"163","473",2,"-1","6300","500","500",53,1,1,0,4,1,"neg",1.625,4.4,1.7,0,3,3.75,4,4,1.25,10,5,5,47,45
"164","474",1,"-1","2344","12","234",33,1,4,1,5,1,"pos",2.5,4.4,5.4,1,3,5.75,3.75,5.25,4.5,17,10,7,57,48
"165","475",2,"1","50","5","5",49,1,5,0,10,1,"pos",2.125,4,4.2,1,3,5,4,5.25,4.5,18,9,9,86,65
"166","476",3,"-1","5000","20","1000",34,1,4,0,2,1,"neg",1.125,4,2.2,0,3,4.25,4.5,5.5,2.25,6,3,3,56,60
"167","477",2,"-1","40,000","1000","10000",40,1,5,0,6,1,"pos",1.25,3.6,2.9,1,2.91666666666667,5,5.25,5.25,4.75,6,3,3,76,60
"168","478",3,"-1","250","15","40",39,0,3,0,4,3,"neg",3.625,2.1,4.6,1,2.83333333333333,6,6.5,6.25,5.25,4,3,1,75,65
"169","479",3,"-1","200","0","0",30,0,1,0,3,2,"neg",2.25,3.8,3.8,1,2.91666666666667,4,4,4,3.75,14,8,6,61,57
"170","480",3,"-1","50000","1000","1000",25,0,4,1,2,1,"pos",4,4.4,4.9,1,3.16666666666667,5.25,3.25,4.5,4.75,4,2,2,68,56
"171","481",2,"1","960","20","50",33,1,5,0,3,1,"pos",2.75,4.2,4.7,0,3.08333333333333,2.5,1.5,5,1.25,20,10,10,86,66
"172","482",3,"-1","3189","150","150",30,0,4,0,4,1,"pos",4.125,2.2,3.1,0,3.5,4.75,4.25,4.25,5.25,8,4,4,87,63
"173","483",2,"-1","10000","3000","2000",27,1,4,0,1,1,"neg",1.5,5.1,4.3,0,3.08333333333333,5.25,5,5.5,2.5,22,10,12,60,55
"174","484",2,"1","15","3","3",34,0,4,0,3,3,"neg",4.125,3.9,4.4,2,3.83333333333333,4,4.5,4.5,4,10,6,4,48,55
"175","485",2,"1","18500","2000","4000",25,0,2,0,0,3,"neg",2.5,3.4,4.6,1,4.25,2.5,4,4,4,8,4,4,80,50
"176","486",2,"-1","990","0","10",49,1,5,0,1,2,"pos",2,4.8,4.2,0,3,6,5.25,5.5,2.25,38,20,18,66,64
"177","487",3,"1","12000","20","100",45,1,4,0,5,2,"neg",2,4.9,1.8,0,3.16666666666667,2.5,3,3.5,3.75,20,10,10,68,50
"178","488",2,"-1","1650","300","400",51,1,2,0,5,2,"neg",2,4.8,4.4,0,2.91666666666667,7,6.5,5.5,4.25,19,12,7,75,58
"179","489",3,"1","200","55","75",35,0,4,0,3,2,"pos",2,3.6,4,0,3,5,6,5,5,12,7,5,67,64
"180","490",1,"-1","5000","2000","3000",40,1,5,0,7,2,"neg",2.625,4.8,4.8,1,3,6,6,6,5,7,4,3,58,71
"181","491",1,"-1","9000","3000","3000",27,0,2,0,0,2,"neg",1.375,4.9,2.4,1,3.16666666666667,3.75,4.75,4.25,3.25,7,4,3,65,70
"182","492",1,"-1","1000","300","200",29,0,5,0,3,1,"neg",3.625,3.9,2.8,1,2.5,4.75,3.75,4.25,3.25,6,3,3,81,0
"183","493",1,"1","200","75","125",38,1,4,1,6,1,"pos",1.375,4.3,2.1,0,3.08333333333333,5.75,7,2.5,6.75,10,6,4,66,72
"184","494",3,"-1","10,000","1,000","9,000",30,1,4,0,6,2,"neg",1,2.8,3.6,0,2.75,6.5,7,5.5,2.25,13,6,7,66,71
"185","495",3,"1","6100","1000","5000",36,1,4,0,4,2,"pos",1.875,5.2,5.9,0,2.5,5.75,6,5.25,2.25,38,15,23,78,65
"186","496",3,"-1","3900","15","100",53,0,4,0,10,3,"neg",3.625,4.8,5.7,0,3,4.25,5.25,5.75,2.25,2,2,0,66,65
"187","497",2,"1","18000","1500","800",54,0,4,0,1,2,"neg",1.375,5.6,3.3,0,3.25,4.75,4.75,4.25,2,18,9,9,61,64
"188","498",3,"-1","2,333","3","200",53,0,4,1,10,1,"pos",2.125,4.9,5,0,3.08333333333333,6.25,6.5,6.25,5,14,7,7,63,57
"189","499",2,"-1","100","10","20",30,1,4,1,8,2,"pos",2.125,4.4,2.8,0,3.41666666666667,5,5.75,5.25,4.25,6,3,3,69,76
"190","500",2,"-1","600","25","100",55,1,4,0,1,1,"neg",1.625,5.8,4.9,0,3.16666666666667,6.5,6.25,4,2.25,3,2,1,55,63
"191","501",2,"-1","16000","5000","10000",53,0,4,0,8,1,"pos",2.5,4,6.7,0,3.25,7,7,7,1.75,3,3,0,70,65
"192","502",3,"-1","1000","0","25",57,0,4,0,2,2,"neg",3.25,4.3,3.7,1,3.16666666666667,3.75,4,4.75,3,14,7,7,68,68
"193","503",1,"-1","3500","100","1000",37,0,2,0,5,2,"neg",2.125,4.3,3.9,0,3.16666666666667,6.75,6.5,6.25,3.5,2,1,1,60,71
"194","504",1,"-1","800","25","100",38,0,2,0,3,1,"neg",2.625,5.4,3.2,1,3.08333333333333,3.25,3.5,5.25,4.5,20,11,9,67,53
"195","505",3,"-1","500","150","350",26,1,2,0,3,3,"pos",2.5,4.3,4.9,0,3,7,5.75,6,3.75,2,2,0,64,57
"196","506",2,"1","9000","200","1000",54,0,7,0,7,1,"pos",1.875,4.6,4.1,1,3.08333333333333,5.75,5.75,6,5.25,20,10,10,65,60
"197","507",3,"-1","5000","100","3000",34,1,4,0,7,1,"neg",1.125,5.5,3.6,0,3,7,7,4,7,6,3,3,65,65
"198","508",3,"1","35732","2500","5000",45,1,1,0,6,3,"pos",3.125,5,2.6,0,3,5,5,3.5,3.25,32,16,16,67,65
"199","509",2,"-1","2488","250","1500",30,1,2,0,9,1,"neg",2.5,3.3,5.6,1,2.75,6,6,5.25,3.25,16,8,8,57,62
"200","510",1,"-1","14000","30","200",57,1,3,0,2,2,"pos",2.5,3.6,5.5,0,2.5,6,6,6,6,12,6,6,60,56
"201","511",2,"-1","20000","100","10000",31,0,2,0,1,1,"pos",2.625,3,6.2,1,2.83333333333333,6.75,6.75,6.75,6.75,10,5,5,72,62
"202","512",1,"-1","100000","50","200",71,0,1,0,3,2,"neg",3.375,3.7,4.8,1,3.5,5.25,5,3.25,4.75,12,7,5,61,35
"203","513",1,"-1","5495","1000","1200",59,1,3,0,6,1,"neg",2.25,3.7,4.3,1,2.83333333333333,5,3.25,5,4.75,10,5,5,70,80
"204","514",1,"-1","2000","100","100",35,0,3,1,5,2,"pos",3.375,5.3,5.2,1,2.33333333333333,6.5,6.75,6.75,6.25,4,2,2,60,65
"205","515",2,"-1","2800","75","1500",62,0,4,0,4,3,"neg",1.875,5.8,4.1,1,3.66666666666667,6,6.75,6.25,5.5,20,13,7,74,68
"206","516",2,"1","9000","100","6000",79,1,4,0,2,1,"neg",2,5,5.2,0,2.66666666666667,6,5.5,5.25,5.25,9,4,5,66,66
"207","517",2,"1","620","50","400",39,1,4,0,9,2,"pos",2,3.9,5,0,3,6.25,5.25,5.5,4.25,20,11,9,65,60
"208","518",3,"-1","1000","50","800",64,1,4,0,4,3,"neg",2,5.1,4.9,0,3,7,6.5,6.25,5.25,6,4,2,61,61
"209","519",3,"1","12583","2000","4500",56,0,6,0,7,2,"neg",2,4.7,3.2,0,2.66666666666667,4.25,5.75,4.5,3.5,5,2,3,62,54
"210","520",1,"-1","1000","100","500",39,1,3,0,2,2,"pos",3,4.4,4.4,0,2.25,5.5,6,4.75,4.75,22,11,11,70,70
"211","521",2,"-1","29000","10","2000",65,0,6,0,10,2,"neg",2.5,5.2,3.5,0,3.16666666666667,7,7,7,2.75,6,3,3,63,62
"212","522",3,"-1","4000","500","500",38,0,4,1,8,3,"neg",2.125,4.6,3.7,0,3.33333333333333,7,7,7,4,10,5,5,65,63
"213","523",3,"1","4000","1500","2000",39,1,2,0,4,3,"pos",1.75,4,3.6,1,3,5.5,4,5.25,1.25,15,7,8,64,55
"214","524",3,"-1","1000","300","600",42,1,3,0,3,2,"neg",1.875,5.1,3.1,0,3.33333333333333,6,6,5.5,5,10,5,5,61,70
"215","525",2,"-1","2500","100","400",23,1,4,1,11,2,"neg",2.875,3.4,5.8,1,2.91666666666667,5.75,5,3.25,3,17,9,8,64,72
"216","526",3,"-1","2500","1000","500",39,0,1,0,2,3,"pos",2.5,5.5,4,1,3,5.25,5.25,4.75,3.25,7,0,7,75,65
"217","527",2,"1","650","200","300",20,1,2,0,2,3,"pos",2,3.9,4,1,2.58333333333333,5,5.25,5,4,11,6,5,70,60
"218","528",3,"-1","20000","1000","3000",27,0,4,0,7,1,"neg",1.5,3.4,3.4,0,3,4,3.5,4.25,3.5,2,1,1,65,55
"219","529",1,"-1","16000","200","10000",47,1,4,0,5,1,"pos",2.125,2.8,3.2,1,3.16666666666667,3.75,4.75,4,5.5,3,3,0,64,74
"220","530",2,"1","2000","100","300",37,0,4,0,1,2,"neg",1,4.6,1.5,0,2.58333333333333,3,5,5.5,2,18,9,9,57,60
"221","531",2,"1","1000","50","250",28,0,4,0,3,2,"pos",3.75,4,3.8,1,3.25,4.25,4,3,4.25,24,10,14,66,63
"222","532",3,"1","220","10","50",37,1,1,1,5,2,"pos",1.875,4.3,4.2,1,3.25,5.25,6,5.75,4.25,21,12,9,65,60
"223","533",3,"-1","7205","300","6000",25,1,4,0,3,2,"neg",1.375,5.1,3.1,0,2.75,5.75,6,6,5,13,6,7,64,67
"224","534",2,"-1","200","100","80",39,1,3,0,9,2,"neg",1.875,4.6,4.2,0,3.5,4.75,5.5,5.25,2,16,8,8,62,65
"225","535",1,"-1","2500","10","1400",40,1,3,0,6,1,"neg",2,4.9,5.1,0,2.83333333333333,7,7,4,1,6,3,3,56,71
"226","536",2,"-1","13000","3000","8000",56,1,4,1,10,2,"neg",2.5,2.9,6.4,0,3,7,7,3.75,7,6,3,3,57,65
"227","537",1,"-1","750","30","30",37,0,2,1,11,1,"pos",2.5,2.8,6.4,1,3.33333333333333,5.5,5.5,4.75,3.25,24,12,12,70,25
"228","538",2,"-1","11450","3500","5500",56,1,3,0,1,1,"neg",2,5.5,4.2,1,2.75,4.5,4.5,4,3.75,5,3,2,58,60
"229","539",1,"-1","11500","1000","500",26,0,4,0,6,2,"pos",3.25,2.8,3.7,1,3,5,5.5,4.25,4.75,6,3,3,66,72
"230","540",3,"-1","70,875","0","3",45,1,0,0,0,1,"pos",1.625,4.5,3.6,0,2.58333333333333,6.5,6.5,6.5,5.25,21,11,10,80,62
"231","541",3,"1","50000","1500","3000",29,1,2,0,1,2,"neg",1.875,5.4,2.9,0,2.75,5,6.75,5.25,4,16,9,7,55,55
"232","542",3,"1","24000","100","300",49,1,4,0,3,2,"pos",4.125,4.5,4.5,1,3.58333333333333,6,6.5,5.5,5.75,7,4,3,68,65
"233","543",2,"-1","3000","30","25",35,0,4,0,9,2,"neg",2.125,4.5,1.8,0,2.75,3,6,5.75,2,15,8,7,65,60
"234","544",1,"1","10000","500","3500",30,1,2,0,1,2,"neg",2,2.8,3.2,1,2.83333333333333,4,4,4,2.5,2,1,1,65,74
"235","545",3,"-1","8000","100","6000",40,1,5,0,10,1,"neg",2.5,3.7,4.1,1,3,5.25,5.25,6,5,4,3,1,66,64
"236","546",1,"-1","857","20","200",36,0,3,1,2,3,"neg",2.5,4.7,4.4,1,3,6.75,7,5.5,5.25,4,4,0,55,73
"237","547",2,"-1","2800","300","1800",26,0,4,1,2,3,"neg",3.5,3.5,3.9,0,3.08333333333333,6,5.25,6.5,2.25,3,3,0,53,72
"238","548",1,"-1","20000","50","1200",47,1,2,1,0,1,"neg",1.125,4.2,2.6,0,2.83333333333333,5.75,6.5,2.25,5,10,5,5,67,69
"239","549",3,"-1","17500","200","1000",33,1,2,1,3,2,"pos",2.625,2.2,6.6,1,3,6.5,6.5,5.75,5,6,4,2,73,61
"240","550",2,"-1","4322","112","89",34,0,4,1,9,2,"pos",4.25,3.8,3,1,3.08333333333333,5.25,3.5,4,4.5,18,9,9,63,66
"241","551",3,"1","900","200","300",31,0,2,0,1,1,"neg",2.25,2.9,5.3,0,3.08333333333333,6.25,4.75,6.25,3.5,6,3,3,66,63
"242","552",2,"-1","10250","300","5500",30,0,2,1,3,3,"neg",2.875,4.8,3.7,1,3.41666666666667,5.5,5.75,2,4.25,6,3,3,49,67
"243","553",2,"-1","12000","500","2000",35,0,4,0,10,2,"neg",2.25,2.8,5.6,0,3.33333333333333,5.75,6.25,5,2,6,3,3,66,65
"244","554",1,"1","14000","1500","10000",45,1,4,0,11,1,"neg",2.375,5.6,5.5,0,2.91666666666667,7,7,7,5.75,25,12,13,70,72
"245","555",3,"-1","170000","100","100",34,1,4,0,6,1,"neg",1.625,5.4,2.9,0,3.66666666666667,5.25,4.5,5.25,4.75,9,5,4,57,49
"246","556",3,"1","4500","1000","2000",46,1,4,0,9,2,"pos",1.5,5.2,3.5,0,2.75,4,4,4,4,4,2,2,66,65
"247","557",3,"-1","4000","100","100",26,0,4,1,6,1,"neg",2,4.1,4.5,0,2.91666666666667,6,6.5,4.75,5.5,8,4,4,70,65
"248","558",2,"1","5000","100","100",42,1,4,1,4,3,"neg",2.25,3.7,6,1,3.08333333333333,5.75,6.5,5.5,4.5,9,5,4,80,71
"249","559",3,"1","2000","500","1200",27,1,5,0,5,1,"pos",1.5,5.4,3.3,0,2.83333333333333,6,6.5,6.25,5,10,5,5,66,63
"250","560",3,"1","1000","25","500",41,0,6,0,5,1,"pos",1.375,5.3,4.2,0,2.83333333333333,6,4.75,6.25,6,4,2,2,57,66
"251","561",1,"-1","400","0","0",25,1,4,1,3,1,"pos",1.375,2.8,3.1,1,3.16666666666667,4.25,5,4,4.5,12,6,6,67,72
"252","562",2,"-1","11700","1000","4000",38,1,2,1,10,2,"pos",2.625,4.2,4.5,0,3,7,7,6.5,4.5,28,14,14,66,67
"253","563",1,"-1","3000","10","100",37,1,2,0,3,1,"pos",2,2.6,4.3,1,2.91666666666667,5.75,5.25,5.25,3.75,20,10,10,69,67
"254","564",3,"1","1500","100","100",39,0,4,0,5,2,"neg",2.25,4.2,6.1,0,2.91666666666667,7,7,6.75,7,6,6,0,56,65
"255","565",2,"-1","3000","0","300",51,1,4,0,2,1,"neg",1.625,5.4,3.5,0,2.75,5.5,5,5.25,2.5,7,0,7,65,65
"256","567",2,"1","980","30","150",34,0,3,0,3,2,"pos",3,3.3,4.3,1,3,4.5,5,5,5.25,8,4,4,63,67
"257","568",1,"-1","50","0","0",63,1,3,1,7,2,"neg",2.5,3.7,5.1,1,3,5.75,6,5.75,5,20,10,10,82,70
"258","569",2,"1","1000","50","110",37,1,4,0,3,1,"pos",2.625,4.9,3.8,0,2.91666666666667,5.5,4.75,4,4.5,6,3,3,72,72
"259","570",1,"-1","10000","500","8000",48,0,4,0,5,2,"pos",2.375,4.1,2.1,1,3,4,4.5,4.5,4.5,6,3,3,73,65
"260","571",3,"-1","15000","250","1000",54,1,4,0,4,2,"neg",1.625,5.6,3.5,0,2.91666666666667,4.25,5.25,4.25,4,17,9,8,70,57
"261","572",3,"1","8000","200","2000",43,1,3,0,6,2,"pos",2.25,5.1,4.6,0,3.08333333333333,6,6,6,3.25,8,8,0,73,62
"262","573",2,"-1","40","2","20",24,1,5,0,5,3,"pos",4,4.2,4.9,1,3.16666666666667,5.25,4.75,5.5,4,22,11,11,66,60
"263","574",3,"-1","5600","250","350",47,1,3,1,5,1,"pos",2.5,3,5.3,1,2.91666666666667,6.5,7,7,5.25,21,11,10,79,71
"264","575",3,"1","89666","20","100",29,0,2,0,2,1,"neg",1.75,4.4,3.7,0,2.91666666666667,5,4.5,4,3.25,3,3,0,68,52
"265","576",1,"-1","3000","50","1850",28,1,4,0,10,1,"neg",1.625,3.6,3.1,0,2.83333333333333,5.25,4,5.75,1.75,16,8,8,67,70
"266","577",3,"-1","2000","15","1200",29,1,4,0,0,1,"neg",2.25,2.9,5.7,0,3,7,6.5,4.25,6.75,20,10,10,60,60
"267","578",2,"-1","1000","10","200",46,1,4,0,4,3,"neg",1.875,5.2,4.3,0,2.83333333333333,6.25,6.5,6.5,5,14,7,7,65,68
"269","580",2,"-1","15000","300","600",31,1,3,0,2,2,"neg",2.375,2.8,4.3,1,2.75,4.75,5,5.25,5.75,3,0,3,69,75
"270","581",1,"-1","4690","100","4000",32,1,4,0,6,2,"pos",3.75,3.7,3.4,0,2.33333333333333,5,5,5,4.5,12,5,7,67,66
"271","582",1,"1","8","n/a","5",30,1,2,1,2,3,"pos",3,4.5,5.4,1,2.75,5.75,6,4.5,3.25,30,15,15,64,68
"272","583",2,"-1","5000","1000","500",22,1,1,1,10,3,"pos",1.375,4.3,2.8,1,3.58333333333333,5.25,5.25,5,4.75,15,8,7,61,68
"273","584",3,"-1","200","20","200",30,1,5,0,10,2,"pos",3,5,4.8,0,3.5,6,5.5,5.75,4.75,16,8,8,65,65
"274","585",2,"-1","1000","50","50",52,1,2,0,5,1,"pos",2.375,5.8,5.1,0,3,6.25,5.75,5.75,3.5,5,3,2,66,64
"275","586",1,"-1","500","100","100",34,0,3,0,2,3,"pos",4.25,4.9,3.7,1,3.41666666666667,5.25,3.75,3.5,4.5,10,5,5,52,70
"276","587",2,"-1","2000","200","1000",27,1,3,0,1,1,"pos",1.375,4.6,2.6,0,3,3.75,6,3.75,4.25,20,10,10,65,65
"277","588",2,"1","5200","3","1000",47,1,4,1,6,3,"neg",3.125,3.6,5,1,3.08333333333333,6,6,6,5.75,9,5,4,50,45
"278","589",2,"-1","10000","1000","2000",22,0,2,0,7,2,"neg",3.625,4.1,3.6,1,2.66666666666667,3.75,3.5,4,3.5,10,5,5,57,55
"279","590",1,"1","400","100","400",55,1,2,0,10,2,"pos",4,3.5,4.9,1,3.25,7,7,7,6,15,9,6,62,69
"280","591",1,"-1","1000","100","200",38,1,4,0,2,1,"pos",2.125,4.1,2.9,1,3.16666666666667,5,5.25,5.5,3.75,20,10,10,85,50
"281","592",3,"-1","5000","2000","2200",37,0,4,0,8,2,"neg",2,3.5,3.2,1,2.91666666666667,3.5,5,5.5,3.5,8,4,4,64,55
"282","593",3,"-1","172909","2500","7500",38,1,4,0,3,1,"pos",2.375,4.2,3.7,0,2.66666666666667,3.5,4.5,4.25,1,5,0,5,73,74
"283","594",1,"-1","1000","300","500",45,0,1,0,0,2,"pos",1.625,3.6,2.3,1,2.75,3.5,4,3.75,2,12,6,6,60,70
"284","595",3,"-1","30000","100","1000",61,1,3,0,1,1,"neg",NA,NA,NA,0,NA,NA,NA,NA,NA,10,5,5,67,65
"285","596",1,"-1","4300","250","3500",35,1,4,1,11,2,"pos",1.625,2.3,4.8,1,2.83333333333333,5.75,6,6,4.5,28,18,10,60,68
"286","597",3,"-1","2100","20","50",37,0,2,1,6,2,"pos",2.25,5.5,4.9,1,3.25,6.75,7,5.75,3.75,21,10,11,61,54
"287","598",3,"-1","25000","5000","15000",37,1,4,0,1,1,"pos",1,4.3,1.6,0,2.75,2,3,3.75,4.5,20,10,10,72,57
"289","600",2,"-1","6000","1000","4000",42,1,2,0,6,1,"pos",2.125,5.6,5.2,0,3,6.25,6.25,5.5,5.75,14,7,7,70,65
"290","1",1,"-1","4000","100","1000",28,1,3,0,5,5,"neg",3.625,4.1,3.9,1,3.33333333333333,4.75,3.25,4,3.75,19,10,9,59,25
"291","2",2,"1","16222","3200","2500",54,1,1,0,2,5,"neg",4.375,5.3,4.9,1,3.08333333333333,4.75,5.5,5.5,2.25,16,10,6,67,68
"292","3",3,"-1","5800","2000","2000",42,1,4,0,4,4,"neg",2.625,3.7,5,0,3.08333333333333,6,6,6.25,5.75,3,2,1,62,60
"293","4",1,"-1","16000","100","15000",62,0,5,0,7,5,"pos",5.5,5.7,5.9,0,2.83333333333333,7,7,7,6,2,0,2,68,68
"294","5",3,"1","11000","133","750",34,1,2,0,2,4,"neg",4.5,3.9,3.8,1,3,3.5,3,3,3.5,9,5,4,76,63
"295","6",1,"1","10000","500","5000",36,1,5,0,5,6,"neg",5.125,5.1,2.4,0,3,1.75,2.5,3.25,1,13,7,6,64,75
"296","7",3,"1","17282","323","12114",55,0,3,0,1,4,"pos",4.75,2.3,3.3,1,3,2.5,3.75,3.25,2,6,3,3,70,68
"297","8",1,"-1","14000","100","200",40,1,3,0,5,5,"neg",4.375,6,5.2,0,2.5,6.5,7,5.75,3.75,15,8,7,66,68
"298","9",3,"-1","25000","1000","2500",35,1,4,0,1,6,"neg",1.5,4.3,2.6,0,3.58333333333333,6.25,6.75,6.25,4,10,5,5,73,67
"299","10",3,"-1","41000","1000","2000",37,1,2,0,6,6,"neg",4.875,6.1,3.6,0,2.91666666666667,5.5,7,4.75,4.75,2,2,0,65,52
"300","11",2,"-1","14000","200","10000",62,0,5,0,7,6,"pos",5.375,5.7,6.2,0,2.83333333333333,7,7,6.5,5.75,10,5,5,60,66
"301","12",1,"-1","300","25","150",26,1,3,0,6,5,"pos",1.75,4.5,4,1,3.41666666666667,5.75,6.25,5,5,16,8,8,77,68
"302","13",1,"1","16800","500","14000",60,0,1,0,7,5,"neg",4.375,3.2,4.9,0,3.41666666666667,6.75,6.75,6.5,4.25,6,3,3,60,72
"303","14",1,"-1","10000","1000","5000",35,1,4,0,0,6,"pos",2.25,6,3.1,0,2.83333333333333,7,7,7,7,20,10,10,63,78
"304","15",3,"-1","2000","10","100",31,1,4,0,7,4,"pos",4.5,3.6,6,1,3,6.25,6.25,5.75,5,12,6,6,70,68
"305","16",3,"1","100","10","15",57,0,2,0,2,4,"pos",3.375,3.5,5,1,2.83333333333333,5.75,5.5,5.75,5.25,28,14,14,68,61
"306","17",1,"-1","500","50","200",36,0,2,0,3,6,"neg",3,5.4,4.6,0,2.75,5.25,5.5,4.75,3.75,17,8,9,65,62
"307","18",2,"-1","1000","30","800",31,1,2,0,3,4,"pos",1.125,3.2,3.6,0,2.66666666666667,4.25,4.75,4.5,2,16,8,8,66,54
"308","19",3,"1","10000","500","5000",38,0,1,0,0,6,"neg",4.75,5.5,4.9,0,3.25,6.25,5.5,5.5,1.75,2,2,0,68,59
"309","20",3,"-1","1500","100","500",22,0,4,0,7,4,"pos",3.375,3.9,3.9,1,3,5.5,5.5,5.5,3,12,6,6,62,63
"310","21",2,"-1","1000","100","100",36,0,3,0,2,6,"pos",2.5,1.3,6.7,1,3,7,7,7,7,29,16,13,75,65
"311","22",3,"-1","13000","1500","2000",25,0,1,0,3,5,"neg",2.375,4.9,6,0,2.83333333333333,6.5,6.25,6.75,6.25,10,5,5,63,61
"312","23",3,"-1","5200","1000","1000",30,0,5,0,7,5,"pos",2.25,3.4,2.9,0,3.58333333333333,7,7,7,5.5,4,0,4,61,53
"313","24",1,"-1","4000","1000","1000",54,1,4,0,7,5,"neg",4.125,5.2,4.4,1,2.91666666666667,5.75,5.75,5.5,5.25,3,1,2,48,46
"314","25",3,"-1","6500","300","5000",29,0,7,0,7,5,"neg",2.5,3.4,4.7,0,2.58333333333333,6.5,6.75,5.25,4.75,4,1,3,70,57
"315","26",1,"1","1000","100","800",41,0,1,0,1,5,"pos",2.125,5.1,1.2,0,3.25,3,6.25,5.75,6,11,5,6,60,70
"316","27",2,"-1","2500","100","150",49,1,2,0,5,6,"neg",4.5,5.8,3.7,1,2.83333333333333,5.75,5.75,5,6,6,3,3,62,66
"317","28",1,"-1","5000","200","300",28,1,3,0,7,4,"pos",3.625,4.9,4,0,3,6.5,7,5.75,3,2,2,0,63,68
"318","29",3,"1","100","1","20",32,1,4,0,7,4,"neg",3.875,5.9,5.2,0,2.58333333333333,6,6,6,3.75,24,13,11,69,62
"319","30",3,"1","12351","4351","8000",39,0,2,1,1,5,"neg",5.125,3.5,5.2,1,3.25,5,4.5,5.75,2.5,23,14,9,70,50
"320","31",1,"-1","4000","20","2000",25,1,4,0,3,4,"neg",2.125,3.8,2.7,0,3.16666666666667,4,4.75,4.75,3,2,2,0,64,73
"321","32",3,"-1","2988","100","500",56,1,4,0,7,5,"pos",3.5,6,3.7,0,3.83333333333333,6,6,7,4.5,16,8,8,81,65
"322","33",3,"1","37000","4000","27000",59,0,1,0,1,4,"neg",1.75,4.1,5.5,0,3.33333333333333,7,7,7,4.75,8,4,4,76,62
"323","34",1,"-1","760000","10000","10000",34,1,1,0,4,5,"pos",4.75,3.9,3.7,2,3.66666666666667,4,3.75,5,4,6,2,4,69,55
"324","35",2,"-1","11000","100","200",28,1,2,0,5,5,"neg",2.5,5.2,3.8,0,2.75,6,5,5.75,5.5,10,5,5,53,63
"325","36",2,"-1","130000","100","100",31,0,2,0,2,6,"neg",5.5,5.2,6.4,0,3,6.75,6.75,4.25,4,12,0,12,53,62
"326","37",1,"-1","3500","200","3000",48,1,3,0,7,6,"neg",3.25,5.3,5.1,0,2.91666666666667,5.5,7,7,7,5,5,0,58,65
"327","38",1,"-1","10000","500","200",68,0,4,0,6,6,"pos",3.875,5,2.4,0,2.58333333333333,3.25,4.75,4.75,4.25,8,4,4,70,63
"329","40",2,"1","4000","300","400",44,0,4,0,7,5,"pos",3,4.8,3.6,1,3.25,6,6.25,6,4.5,8,4,4,76,73
"330","41",2,"1","3000","500","2500",56,0,2,0,7,5,"neg",5.25,5.2,6,0,3,6.75,6.75,4.5,4.25,51,26,25,75,62
"331","42",1,"1","2000","100","500",43,0,4,0,4,6,"neg",4.5,5.8,5.5,1,2.91666666666667,6.25,6,5.5,3,39,17,22,62,58
"332","43",1,"1","3000","50","1000",47,0,3,0,7,5,"neg",4.75,5.9,2.6,0,3.16666666666667,5.5,5.25,4.75,4.75,18,9,9,65,63
"333","44",1,"-1","22000","5000","5000",40,1,3,0,5,4,"pos",3.875,3.5,5.7,1,3.16666666666667,4.75,5,5.25,3.5,6,3,3,70,66
"334","45",2,"-1","3000","50","1000",28,1,4,0,6,4,"neg",3.125,5.7,4.1,0,2.83333333333333,6,6.5,6,5.75,40,20,20,65,60
"335","46",3,"-1","9600","500","6000",47,1,4,1,5,5,"pos",5.375,2.9,4,1,3.16666666666667,4.25,4.25,4.25,4.5,19,12,7,72,60
"336","47",2,"-1","283","0","1",31,1,2,0,0,5,"pos",4,3.7,2.7,1,3.16666666666667,3.25,3.75,4,4.25,21,10,11,71,60
"337","48",2,"-1","9999","200","1500",48,1,2,0,2,5,"pos",1.625,4.9,1.8,0,3,4.75,5.75,3.5,5.25,2,1,1,68,64
"338","49",2,"1","19000","400","6000",32,0,5,0,3,5,"neg",3.125,3.2,4.6,1,2.91666666666667,5.5,6,5.75,5.5,7,4,3,64,61
"339","50",2,"1","17000","1000","1000",69,1,6,0,6,5,"pos",3.75,5.5,5.3,0,2.91666666666667,6.25,5.75,6.25,3.5,21,11,10,60,71
"340","51",3,"1","11700","700","500",29,1,2,0,3,4,"pos",3.375,3.2,4.4,1,2.75,4,3.75,3.25,4.5,2,1,1,71,66
"341","52",3,"1","2200","20","100",35,0,2,0,7,4,"neg",5.25,4.9,3.5,1,3.08333333333333,4.5,4.25,4,4,17,10,7,75,65
"342","53",3,"-1","15000","600","12000",62,0,5,0,7,4,"pos",4.625,3.7,5,1,2.66666666666667,6.5,4,4.25,5.25,14,7,7,64,50
"343","54",1,"-1","111","2","5",33,0,5,1,4,5,"pos",2.5,5.8,6.4,0,3.16666666666667,7,7,7,7,11,5,6,65,60
"344","55",3,"-1","500","100","300",42,1,4,0,7,6,"neg",4.375,4.2,5.2,0,3,5.75,6,5,5,6,3,3,63,55
"345","56",2,"1","1000","150","300",44,1,4,0,6,6,"neg",5.875,5.9,3.9,0,2.66666666666667,6.5,6.5,6.25,5.75,10,5,5,65,57
"346","57",3,"-1","2900","500","1500",55,1,2,1,5,5,"neg",4.25,5.9,3.6,0,3.5,6.75,6.5,6.5,4,3,2,1,70,65
"347","58",1,"-1","2750","50","300",42,1,4,0,7,5,"neg",3.75,5.4,4,1,2.75,5,5.5,4.5,5,9,5,4,60,70
"348","59",3,"1","300","6","15",70,0,4,0,2,4,"neg",4,3.7,4.9,1,3,5.5,6.25,4.75,4.5,11,6,5,58,65
"349","60",3,"-1","3500","500","1500",39,1,4,0,7,5,"neg",5.625,5.3,3.8,1,2.75,6.5,6,5.75,3.75,13,6,7,60,68
"350","61",3,"1","1400","50","25",44,1,5,0,7,4,"neg",3.625,4.8,4.4,1,3.25,5.25,5,4.75,3.25,10,5,5,68,62
"351","62",1,"-1","200","10","10",49,0,2,0,7,5,"neg",5.25,2.9,4.9,1,3.25,5.25,4.5,5.25,4.25,8,5,3,53,71
"352","63",1,"1","1000","500","500",56,1,2,0,7,4,"pos",3.75,3.3,5.5,0,3.66666666666667,4.75,4.25,4.75,2.5,10,4,6,61,68
"353","64",2,"-1","13000","5000","7000",55,1,3,0,0,6,"pos",3.75,5.6,4.8,0,3.25,7,7,6.25,7,10,5,5,67,60
"354","65",3,"1","23000","9000","5000",40,0,2,1,3,4,"pos",3.25,3.8,5,1,1.91666666666667,5.75,6.25,4,4.5,30,15,15,59,55
"355","66",2,"-1","20000","300","2000",30,1,3,0,3,5,"neg",2.625,4.1,2.5,0,3.08333333333333,3.75,4.75,4.25,3,20,11,9,78,66
"356","67",2,"-1","5000","100","250",37,1,3,0,5,5,"pos",5,5,4.5,1,2.91666666666667,5.75,5.75,5.25,5.25,19,10,9,80,65
"357","68",3,"-1","4100","200","300",36,1,2,0,5,5,"neg",5.375,5.5,4.9,1,2.66666666666667,6,4,4.75,3.75,16,7,9,64,64
"358","69",2,"-1","50","25","10",58,1,1,0,7,5,"pos",3.75,4,5.1,1,3.08333333333333,6.25,6.5,6.5,6,20,10,10,76,63
"359","70",1,"-1","1000","5","500",55,1,4,0,3,5,"neg",3.75,3.8,4.6,1,3,5.5,5.75,5.75,5,22,11,11,55,65
"360","71",2,"-1","955","10","10",58,0,4,0,7,5,"neg",4.25,4.8,4.6,0,3.5,5.5,5.75,5.25,3.5,10,5,5,63,68
"361","72",2,"-1","500","30","300",26,0,4,0,1,5,"pos",4.25,2.7,5.4,1,2.83333333333333,4.75,5.5,5.5,3.5,14,7,7,75,65
"362","73",2,"-1","3500","500","1000",33,1,2,0,6,6,"neg",1.75,2.9,3.1,0,2.91666666666667,4.75,4.75,4.75,5,4,2,2,68,68
"363","74",1,"-1","500","250","250",45,0,2,0,3,4,"pos",2.5,4.6,6.4,0,3,7,7,7,7,18,9,9,72,71
"364","75",2,"-1","1100","300","200",49,0,2,0,3,5,"pos",3.625,3.4,3.3,1,2.66666666666667,3.5,4.5,3.75,4.25,6,3,3,63,61
"365","76",3,"-1","2000","10","50",50,1,2,0,6,5,"pos",4.625,5.2,4.5,1,3.08333333333333,4.5,4.75,4.75,3.5,7,4,3,71,55
"366","77",1,"-1",">500","100","100",25,0,1,0,2,4,"pos",4.125,3,5,1,3.16666666666667,4.75,4,4.5,5,6,3,3,67,68
"367","78",2,"-1","8500","500","7000",46,1,2,0,3,5,"neg",3.375,4.9,3.3,0,3,5,6.5,6,2.25,15,8,7,65,65
"368","79",1,"-1","70000","1000","3000",65,1,6,0,7,4,"neg",3,4.7,3.9,0,2.75,5.5,6.5,6,5.5,15,7,8,75,65
"369","80",1,"-1","1400","100","300",36,0,5,0,7,5,"pos",4,4.7,4.6,1,2.91666666666667,5.75,6,5.5,5.25,7,4,3,63,67
"370","81",1,"1","2,304","10","50",34,1,4,0,1,6,"neg",5.875,5.7,3.7,1,2.83333333333333,4.5,5.5,3.75,3.25,12,6,6,62,65
"371","82",1,"-1","11171","890","3250",45,0,4,0,1,5,"pos",2.375,2.7,3.9,1,3.16666666666667,1.75,1.25,1.75,3.5,9,5,4,61,64
"372","83",3,"-1","26055","1000","14000",63,1,3,0,4,6,"pos",5.375,5.9,5.5,0,2.75,6,6.25,6,6,14,7,7,72,72
"373","84",2,"-1","21500","7000","10000",45,1,1,0,6,5,"neg",3,4.2,4,1,3.08333333333333,4.75,5,6,3.25,17,10,7,54,53
"374","85",1,"1","1500","50","150",41,1,3,0,4,5,"neg",5.75,5,4.5,0,3.33333333333333,5.75,4.25,4,2.25,24,12,12,65,60
"375","86",2,"-1","400","10","80",46,0,5,0,7,5,"pos",4.5,4.3,4.9,1,3.33333333333333,6,6,6,4.75,13,7,6,72,66
"376","87",1,"-1","12000","50","3000",41,0,2,0,1,4,"neg",6,4.6,4.1,1,3,6.25,6.5,2.5,5.75,5,3,2,81,64
"377","88",1,"-1","1300","10","50",34,1,5,0,6,5,"neg",4.25,5.7,3.2,1,3.25,4,4,4.75,3,14,8,6,63,70
"378","89",2,"1","4000","800","3000",30,1,4,0,3,4,"pos",5.625,4.7,4.5,1,2.66666666666667,4.75,4.5,4.75,3.75,10,5,5,70,68
"379","90",2,"1","1100","50","200",47,0,6,0,5,6,"neg",4.125,5.1,2.5,1,3.16666666666667,3.75,4.25,4.75,4.5,19,9,10,66,55
"380","91",3,"-1","4150","500","500",52,0,3,0,5,5,"neg",3.75,5.1,5.2,0,3,6.75,7,6,5.5,24,12,12,70,65
"381","92",1,"-1","24000","100","3000",37,0,5,0,7,6,"pos",6.125,5.2,4.9,1,3.33333333333333,6.75,7,7,6.75,9,5,4,60,69
"382","93",3,"-1","1000","100","300",52,1,3,1,6,6,"neg",4.125,5.9,4.5,1,2.41666666666667,7,7,5.5,6,40,20,20,68,60
"383","94",1,"1","400","40","130",36,1,2,0,1,5,"neg",2.375,5.1,3.2,1,3.58333333333333,6,6,5.75,2.25,10,5,5,61,63
"384","95",3,"-1","20000","200","2000",48,1,4,0,7,6,"pos",5.375,6,5.1,0,2.91666666666667,7,7,7,6.5,21,11,10,66,65
"385","96",2,"-1","1700","500","500",45,1,4,0,5,5,"neg",3.875,4.7,4.9,1,3.08333333333333,5.25,5.5,5.25,5.5,13,6,7,67,58
"386","97",3,"-1","161,406","2500","1500",24,1,2,0,1,4,"neg",4,3.6,3.8,1,2.83333333333333,3.75,4.5,2.75,5,14,7,7,67,64
"387","98",1,"1","5321","40","70",24,0,4,1,5,5,"neg",4.125,4.8,4.3,2,4.08333333333333,4,3.5,4,4.25,6,3,3,3,70
"388","99",2,"-1","8500","1000","1300",36,1,4,0,3,4,"neg",2.75,4.6,5,0,2.83333333333333,6.25,5.5,6,1.25,6,3,3,62,65
"389","100",3,"-1","157,486","20,000","20,000",37,1,4,0,3,5,"pos",3.5,5.6,5.4,1,3.08333333333333,5.75,6.5,6.5,3.25,14,8,6,73,60
"390","101",3,"-1","3700","500","500",30,1,2,0,4,5,"neg",2.375,6.1,3.9,0,2.5,6,7,6.25,4.75,22,11,11,60,62
"391","102",3,"-1","36","15","15",28,0,3,1,7,6,"pos",2.5,3.7,5.9,1,3.33333333333333,6,4.75,5.25,4,13,7,6,71,60
"392","103",2,"-1","8600","1000","4000",41,0,4,0,7,4,"pos",3.875,4.9,5.5,1,2.66666666666667,5,5,5.25,3,7,4,3,65,70
"393","104",2,"-1","2000","100","100",40,0,2,1,3,6,"pos",2.125,4,4,1,4,7,7,5.5,5.5,10,5,5,63,32
"394","105",1,"1","7400","250","200",37,0,4,0,7,6,"pos",4.375,4.4,3.2,1,3.25,6.75,6.75,5.5,5.75,43,21,22,64,73
"395","106",2,"-1","500","200","300",34,0,4,0,7,5,"neg",3.5,3.4,4,0,2.91666666666667,4.25,5,4.75,4.5,51,1,50,65,68
"396","107",1,"-1","800","300","400",25,0,4,0,0,6,"pos",4.75,5.8,5.6,0,3,7,7,7,4.75,6,6,0,81,71
"397","108",1,"1","8000","1000","2500",52,0,2,0,6,5,"neg",4.875,3.9,4.6,1,2.91666666666667,5.75,4.75,4.75,2.25,10,5,5,54,64
"398","109",3,"-1","26523","15","162",55,1,3,0,6,4,"pos",2.375,4.9,5.4,0,2.58333333333333,6,6.25,5.5,4.75,14,8,6,83,45
"399","110",3,"-1","12","2","10",22,1,3,0,7,5,"pos",2.75,5.7,3.5,0,2.75,6,5.75,6,4.25,9,4,5,70,74
"400","111",2,"1","1200","10","20",30,0,1,0,0,5,"neg",3.5,3.8,3.4,0,3.08333333333333,1.75,3.75,3.75,3.5,16,9,7,85,80
"401","112",2,"-1","399248","5000","10000",67,1,3,0,5,4,"neg",1.75,5.1,4.1,0,2.91666666666667,6.75,7,7,7,8,8,0,69,64
"402","113",2,"1","12","0","0",59,1,2,1,1,5,"pos",4.75,4.3,4.6,2,3.33333333333333,5.75,2.25,4.5,4.5,2,2,0,36,45
"403","114",2,"-1","200","20","80",44,1,1,0,6,4,"pos",2.75,3.7,4.4,1,3.08333333333333,5.25,4.5,4.25,2.25,21,11,10,62,62
"404","115",1,"1","100","20","25",24,1,5,1,7,4,"pos",3.5,4.3,5.8,2,3,5.75,6.25,5.5,4.5,7,3,4,67,73
"405","116",2,"-1","250000","2500","2500",44,1,7,0,7,6,"neg",3.5,2.4,5.5,0,2.91666666666667,6,6,6,6,10,5,5,59,67
"406","117",3,"-1","3700","300","150",34,0,4,0,7,5,"neg",4.125,4.3,4.5,1,2.91666666666667,5,6,4.75,3.75,8,5,3,65,59
"407","118",1,"1","5000","500","2000",43,1,5,0,7,5,"neg",2.75,3.3,3.3,1,2.66666666666667,5.75,6.25,5.75,5.75,20,10,10,65,59
"408","119",2,"-1","250000","2500","100000",33,1,4,0,7,6,"pos",4.75,5.2,6.2,1,2.91666666666667,6.5,6.5,5.75,5.5,7,3,4,70,62
"409","120",3,"-1","2400","500","1500",38,1,3,1,5,6,"neg",5.125,4.4,4.3,0,3,5.75,5.75,4.25,4.5,18,8,10,61,67
"410","121",2,"-1","4500","200","2000",34,0,7,0,7,5,"pos",5.625,3.6,3.4,1,3.16666666666667,4.5,5.25,4,3.75,13,7,6,78,61
"411","122",3,"-1","300","20","50",30,1,4,0,3,5,"pos",4.25,3.6,3,1,3.16666666666667,5.25,4.25,3.5,3,7,4,3,87,65
"412","123",1,"-1","20000","1000","1000",48,0,2,0,7,4,"pos",3.875,4.1,4.3,1,3,3.5,4.25,4,3.75,14,7,7,70,45
"413","124",3,"-1","5000","50","25",31,0,4,0,0,5,"pos",3.75,4.1,3.9,2,3.08333333333333,4.25,4,4.5,3.5,27,15,12,61,55
"414","125",3,"-1","50000","600","300",54,0,0,0,2,5,"pos",4.625,4,5,1,3.33333333333333,5,4.75,4.75,3.75,2,2,0,71,48
"415","126",2,"-1","10000","200","500",33,1,3,0,4,6,"pos",2.5,5.8,5.8,0,3,7,7,7,7,28,14,14,70,53
"416","127",3,"-1","4000","5","20",48,0,4,0,3,4,"neg",4,3.7,4.3,1,3.16666666666667,4,3.75,4.25,4,15,9,6,43,72
"417","128",3,"-1","125","10","15",36,0,4,0,7,4,"neg",5.375,3.7,4.8,1,3.25,4.75,4.25,4.75,3,18,8,10,63,60
"418","129",2,"1","1000","100","800",41,0,1,0,1,5,"pos",1.875,4.9,1.4,0,3.25,3.25,6.5,5.5,5.5,16,8,8,65,58
"419","130",2,"-1","13000","5","2",30,0,5,1,7,6,"pos",4.75,4.9,5,1,3.16666666666667,5,3.5,4.5,4.25,6,4,2,65,48
"420","131",3,"-1","800","20","35",33,1,0,0,3,6,"neg",2.5,3.7,3.8,1,3,4.5,3.75,4,4.25,7,3,4,41,75
"421","132",3,"-1","21000","200","12000",50,0,5,0,2,6,"pos",2.875,4.9,1.1,0,2.83333333333333,2.25,5,4.75,4.75,12,7,5,62,54
"422","133",3,"-1","5000","1000","4000",36,1,4,0,7,4,"pos",3.25,4.4,6.3,0,3.33333333333333,7,7,5.5,3,12,6,6,75,47
"423","134",2,"-1","1000","500","400",58,1,4,0,6,5,"neg",2.125,4.8,2,0,3.16666666666667,2.5,3.75,4.25,2.25,6,4,2,51,63
"424","135",2,"-1","15000","100","1000",48,1,4,0,7,6,"pos",6,5.2,4,0,3,2.75,3.5,5.5,1.5,29,17,12,74,56
"425","136",2,"-1","1e+05","5000","25000",33,0,2,0,3,4,"neg",5.125,5.1,4.8,1,3.08333333333333,4.75,6.25,5,6.25,3,1,2,65,75
"426","137",1,"-1","47000","500","500",60,1,2,0,3,4,"pos",2.375,6,5.7,1,2.91666666666667,7,6.75,6.75,6.5,10,7,3,63,67
"427","138",3,"-1","80000","1000","1000",35,1,4,0,7,5,"neg",2.125,5.9,4,1,2.66666666666667,6.75,7,7,7,10,5,5,74,55
"428","139",3,"1","115,000","400","1,300",62,0,4,0,7,5,"neg",4.5,4.7,3.1,0,3.16666666666667,6,6,5.75,5.5,10,6,4,72,55
"429","140",1,"-1","30,000","20","30",34,1,1,0,5,6,"neg",4.75,5.8,3.1,0,2.75,5,6.25,5.25,4.75,16,7,9,40,60
"430","141",1,"-1","4600","60","75",61,0,1,0,2,5,"neg",4.75,4.9,3.9,1,3.16666666666667,5,5.5,4.75,4.25,14,7,7,57,56
"431","142",1,"1","11744","200","300",29,1,4,0,2,4,"pos",3.5,4.2,3.7,1,3.16666666666667,3.75,4.5,5.25,4.5,7,4,3,60,71
"432","143",3,"-1","11192","905","3124",45,0,4,0,1,5,"pos",2.625,2.6,3.7,1,3.16666666666667,2,1.5,1.75,1.5,6,3,3,70,68
"433","144",1,"-1","10000","3000","5000",32,1,2,0,7,5,"pos",1.625,5.5,4.1,0,3.08333333333333,6,7,6.5,3.25,7,4,3,65,75
"434","145",3,"-1","4500","100","400",67,1,2,0,2,5,"pos",6.25,5.9,4.3,1,3.25,6.5,5.75,5,5.75,17,9,8,82,71
"435","146",3,"-1","4000","50","1000",57,1,4,0,7,5,"pos",5.5,4,4.6,1,3.5,5.5,5.75,5.75,4.75,12,7,5,63,50
"436","147",2,"1","1000","50","300",33,1,3,0,6,5,"pos",2.5,4.5,5.8,0,3,7,7,7,7,3,2,1,57,64
"437","148",1,"1","30000","2500","5000",61,0,4,0,4,5,"neg",3.25,5.9,5.1,0,2.91666666666667,6.75,7,4.75,5.75,7,4,3,62,65
"438","149",3,"-1","6900","100","500",41,1,5,0,7,4,"neg",4.875,5.5,5.5,1,2.91666666666667,6.5,5,6,5,40,21,19,66,63
"439","150",2,"-1","5000","24","200",58,1,4,0,6,5,"pos",2.875,3.7,4.4,0,3,6.5,6.5,6.5,3.5,8,3,5,75,85
"440","151",1,"1","1577","300","200",37,1,4,1,2,5,"pos",4.125,4.1,3.2,1,3.91666666666667,4.25,3.75,4.5,3.75,4,2,2,66,79
"441","152",1,"1","24339","500","1000",63,0,2,0,1,4,"pos",4.375,5.2,5.2,1,3,7,7,6,6.25,10,5,5,63,70
"442","153",3,"-1","80","10","20",21,1,4,1,5,5,"neg",4.125,5.5,4.6,1,3.25,5,4,4.75,3,43,22,21,64,57
"443","154",2,"-1","40000","3000","4000",41,0,4,0,7,4,"pos",3.5,4.7,4.9,1,2.91666666666667,6.25,5.75,6.25,5.25,20,9,11,80,62
"444","155",2,"1","1000","20","50",51,0,7,0,7,4,"pos",4.875,4.4,5.2,1,3.08333333333333,6.25,5.75,5.75,3.25,16,9,7,58,62
"445","156",3,"1","18737","1000","5000",59,0,2,0,1,5,"pos",1.25,4.8,4,0,3.58333333333333,6.75,4,4,1.25,21,11,10,74,72
"446","157",3,"-1","6800","200","700",43,1,2,0,1,6,"neg",2.625,4.5,1.7,1,3.25,3.5,5,6,5.25,16,8,8,65,67
"447","158",3,"-1","10000","1000","1000",29,0,4,0,4,4,"pos",3.625,3.7,4,1,3,5,5,4.5,4,10,5,5,65,64
"448","159",3,"-1","10","0","10",54,1,2,0,2,5,"neg",4.25,4.7,4.1,1,3.5,5.25,4.25,6,4.5,4,0,4,75,77
"449","160",2,"-1","8600","20","20",37,1,5,0,7,6,"neg",3.75,5.2,4.2,1,2.75,6,3.75,6,4.5,10,5,5,59,65
"450","161",1,"-1","29300","200","100",50,0,5,0,7,5,"pos",4.5,4.5,4.1,2,3.5,3.75,4.5,4,3.75,3,2,1,86,71
"451","162",1,"1","4000","500","500",55,0,5,0,3,5,"pos",3.375,4.6,4.8,2,3.16666666666667,4.75,4,4.75,4,4,2,2,71,61
"452","163",3,"1","1000","100","400",57,0,4,0,7,4,"neg",3.875,5.3,4.3,1,2.66666666666667,6.25,6.75,5,3.5,7,4,3,65,64
"453","164",2,"-1","3000","20","800",55,0,6,0,7,4,"neg",4.625,5.6,4.3,0,2.91666666666667,6.75,6.75,6.5,3.75,3,2,1,66,66
"454","165",3,"1","1000","30","5",57,1,4,1,5,5,"neg",3.75,5.5,3.5,1,3.58333333333333,4.75,4.5,4.25,4.25,10,5,5,87,58
"455","166",1,"-1","9000","2000","3000",27,0,2,0,4,4,"pos",3.875,4.4,5.3,1,2.91666666666667,6,6,5.75,4.25,12,6,6,66,63
"456","167",1,"1","2100","0","10",64,1,2,0,1,6,"pos",5.5,5.9,5.1,1,2.75,5.5,5.5,5,3.75,9,5,4,82,72
"457","168",1,"-1","850","100","200",31,1,1,0,7,5,"neg",4.25,5.2,5.7,0,3.25,7,7,7,6.25,18,9,9,70,60
"458","169",3,"-1","148,907","20","80",33,0,4,1,6,6,"pos",2.125,1.6,6.1,0,3,7,7,7,1,16,8,8,70,60
"459","170",3,"-1","3900","10","50",63,0,4,0,4,5,"neg",5.125,4.2,5.3,1,3,5,5.5,4,2.25,8,4,4,69,63
"460","171",1,"-1","3000","10","100",74,0,4,0,7,6,"neg",2.25,5.9,4.7,1,3.08333333333333,5.5,5.5,5.5,3,18,9,9,71,61
"461","172",2,"-1","300","15","35",48,0,6,1,7,5,"neg",3,4,4.6,1,3.08333333333333,6.5,6.25,6.25,6,28,14,14,64,65
"462","173",1,"1","20000","100","100",48,0,5,0,7,4,"neg",1.75,4.6,3.2,0,3,4.25,4.5,4.5,2.25,4,2,2,71,66
"463","174",3,"-1","560","50","20",27,0,7,0,5,4,"neg",4.5,3.9,5.6,0,3.08333333333333,6,6.5,6,4.75,7,4,3,58,63
"464","175",1,"-1","18,450","1","5",38,1,4,0,4,4,"pos",1.375,3.6,2.5,0,3.16666666666667,4.25,2.5,3.75,4.25,11,6,5,60,29
"465","176",1,"-1","35","2","10",55,0,5,0,7,5,"neg",4.25,4.2,5.8,0,3,7,6.75,5.75,5.75,14,8,6,70,76
"466","177",3,"-1","5000","75","4500",34,1,4,0,6,5,"pos",3.625,5.5,2.7,1,3.33333333333333,4.25,5,5.5,3.75,10,5,5,68,63
"467","178",1,"-1","23000","1000","10000",45,0,3,0,7,4,"pos",3.375,4.1,4.8,1,2.66666666666667,5,5.75,5.5,4.25,15,8,7,65,70
"468","179",1,"-1","7800","2000","2000",41,1,4,0,7,4,"pos",1.875,5.8,4.7,0,3,7,7,6.25,4.75,10,5,5,75,65
"469","180",2,"-1","1000","100","200",52,0,2,1,5,6,"pos",3.25,5.3,3.6,1,3.5,6,4.75,4.75,2.75,21,11,10,90,71
"470","181",1,"1","8100","250","5000",56,1,4,0,0,4,"neg",3.5,5,4.7,1,2.91666666666667,5,5,4.25,3.5,16,8,8,61,60
"471","182",1,"-1","10","4","6",31,1,3,0,6,4,"neg",3.875,4.1,5.2,1,3.33333333333333,6,6.25,6,5,15,8,7,65,60
"472","183",3,"-1","24000 over 3 years","600 over 3 years","350 over 3 years",55,1,1,0,5,5,"neg",5.875,5.2,5,0,3.91666666666667,5.5,6.75,5.75,5.5,16,8,8,50,56
"473","184",2,"-1","10000","2000","2000",32,1,3,0,0,5,"neg",3.75,4.8,4.5,2,4,4,4,4,4,36,17,19,74,27
"474","185",3,"-1","425","27","30",39,1,4,1,7,4,"pos",2.75,4.7,4.2,1,3.08333333333333,5.75,5,4.75,3.5,9,4,5,70,60
"475","186",2,"-1","2236","200","1000",68,1,3,0,2,6,"pos",4.875,6.2,4.5,1,3.33333333333333,5,5,4.75,2.75,24,13,11,65,59
"476","187",3,"-1","1000","100","800",33,0,6,0,2,4,"pos",3.875,4.3,3.5,1,3.5,4.25,4,4,4,17,9,8,70,68
"477","188",2,"-1","3200","100","550",70,0,4,0,6,5,"pos",3.5,5.3,3.9,0,3,6.25,6.25,5.25,5.75,5,5,0,59,64
"478","189",2,"-1","1800","100","200",52,0,4,0,6,5,"pos",3.375,4.1,3.6,1,3.25,4.75,6.25,5.25,5.25,11,5,6,66,64
"479","190",2,"-1","1000","100","100",56,1,1,0,2,5,"pos",3.625,4.5,4.3,0,2.91666666666667,5.75,6.5,6.25,4,10,5,5,69,66
"480","191",3,"1","5000","50","300",27,0,4,0,5,5,"neg",3.125,4.5,4,2,4.5,3.25,3.75,4,4,19,10,9,62,50
"481","192",2,"-1","14163","500","500",35,0,4,0,1,5,"neg",1.875,4.4,1.6,1,3.33333333333333,1,2.75,1,2.5,11,5,6,60,70
"482","193",1,"1","120","3","5",40,0,3,0,4,4,"pos",4.625,4.3,3.9,1,3.58333333333333,5.75,5.25,5.25,3.75,8,5,3,73,71
"483","194",2,"-1","5975","300","350",66,1,2,0,2,4,"neg",6.375,4.8,5.1,1,2.83333333333333,5.5,6.25,5.75,3,15,8,7,54,61
"484","195",1,"-1","130000","522","1223",31,1,3,0,5,6,"neg",5.25,3.8,4.4,0,3.33333333333333,5.5,4,4.5,1,14,7,7,81,19
"485","196",3,"-1","4483","483","4000",25,0,1,0,5,6,"neg",5.125,4.9,4.9,0,3.16666666666667,4,5.5,4,5.5,4,3,1,84,48
"486","197",3,"1","17000","50","0",30,1,4,1,7,5,"neg",2.5,3.7,4.6,0,3,7,5.5,7,7,38,19,19,60,60
"487","198",1,"-1","3000","1000","1500",60,1,4,0,5,6,"neg",3.5,5.2,3.7,0,2.83333333333333,6.75,7,7,7,12,6,6,55,65
"488","199",2,"-1","2200","50","40",53,0,2,0,3,5,"pos",2.375,5.5,3.9,0,3.25,5.75,6,5.25,5,10,5,5,76,77
"489","200",1,"-1","2500","20","50",48,0,4,0,7,4,"pos",3.625,4.7,4.6,0,3.16666666666667,6,5.75,6,4.25,24,12,12,56,65
"490","201",1,"-1","700","2","10",22,0,4,0,5,4,"neg",4.125,4,4.5,1,3.08333333333333,4.75,3.5,4.5,3.75,5,2,3,59,71
"491","202",3,"1","4400","300","4000",51,0,2,0,7,6,"neg",4.875,5.5,2.1,0,2.75,3.25,4.75,4,4.75,4,3,1,67,63
"492","203",2,"-1","6000","100","200",53,1,3,0,1,4,"neg",3.5,5,3.7,1,3.16666666666667,6.25,6.25,5.75,4.5,4,4,0,65,58
"493","204",3,"-1","5321","100","400",51,0,4,0,7,5,"pos",5.125,5.6,5.6,0,2.83333333333333,6.75,6.5,6.25,6.25,6,3,3,76,77
"494","205",3,"1","3500","10","2000",61,1,4,0,3,5,"pos",3,5.3,4.1,0,3.16666666666667,6,6,5.5,5,15,8,7,75,65
"495","206",3,"-1","8000","100","6000",66,0,4,0,3,5,"pos",4.875,4.6,4.6,1,3.08333333333333,5.25,5.25,5.25,5,20,10,10,68,58
"496","207",1,"-1","200","20","30",33,0,4,1,2,5,"neg",5.375,6.4,4,0,3.25,4.75,4,4,1,17,9,8,65,60
"497","208",3,"1","6312","320","600",50,1,2,0,5,5,"neg",4.875,5.9,4.3,0,2.75,6.25,6.5,6.75,6.25,12,6,6,74,62
"498","209",3,"-1","20000","1000","15000",67,0,3,0,3,4,"pos",3.875,5.3,4.9,1,3.25,6.5,7,5.5,4,21,10,11,70,64
"499","210",1,"-1","18000","1400","6000",40,1,1,0,7,5,"pos",4.125,4.5,4.3,1,2.75,6,6.75,6.5,3.75,6,3,3,76,67
"500","211",2,"-1","10000","2000","2000",52,0,2,0,7,5,"neg",5.125,4.1,4.9,1,3.08333333333333,5.25,5.25,5,3.5,8,5,3,60,64
"501","212",1,"-1","4400","1000","1500",34,0,4,0,7,6,"neg",5,5.1,3.5,0,3.33333333333333,5.25,6.5,5.75,4.25,10,6,4,48,56
"502","213",1,"-1","40","3","2",62,1,5,0,6,4,"pos",3.375,4.5,5.2,0,3.33333333333333,5.5,5.25,5.25,4.25,4,4,0,81,83
"503","214",2,"1","3000","500","2000",43,0,4,0,0,4,"pos",3.25,4.9,2.3,1,2.75,4.25,4.5,5,2,14,7,7,70,65
"504","215",2,"-1","5000","200","1000",54,0,5,0,7,4,"neg",5.125,5.7,4.8,1,3.25,4.75,4,4,2.75,24,11,13,58,68
"505","216",1,"-1","109000","100","150",57,0,4,1,6,5,"neg",4.875,3.8,6.3,1,2.66666666666667,7,7,6.5,6.75,7,3,4,52,62
"506","217",3,"-1","150","20","20",44,1,1,0,4,4,"neg",2.625,3.3,4.2,1,3.25,4.75,4.25,4.5,1.5,2,2,0,68,60
"507","218",2,"-1","2300","250","500",27,1,4,0,7,5,"pos",1.875,4.6,3,0,3.33333333333333,7,7,7,6.25,13,6,7,69,65
"508","219",3,"1","1200","200","250",64,1,4,0,5,5,"pos",3,5.1,3.7,0,3.25,5.5,6.5,6,4.75,3,2,1,73,50
"509","220",1,"-1","5000","100","1000",37,1,3,0,1,4,"pos",2.875,4.5,4.6,0,3,6,6,6,3.25,20,10,10,70,65
"510","221",3,"-1","200","20","25",47,1,2,0,1,5,"pos",4.125,4.6,4.2,0,3.08333333333333,5.5,6.25,5.75,3.75,8,4,4,72,53
"511","222",2,"1","5500","200","1200",38,1,3,0,6,6,"neg",2.5,4.5,5.3,1,3,6.25,5.25,5.5,4.5,10,5,5,61,60
"512","223",3,"1","5015","2400","1700",36,0,1,0,7,5,"pos",4.375,4.9,5.1,0,3.16666666666667,6.25,5.5,5.25,3.75,2,2,0,62,70
"513","224",2,"1","270","50","200",42,0,3,0,6,5,"pos",5.625,5.3,4.7,1,2.91666666666667,6,6.25,6.5,4.5,13,4,9,63,64
"514","225",3,"-1","11000","500","3000",50,0,4,0,7,6,"neg",5,5.7,5,0,2.91666666666667,6.75,6.5,5.75,4.25,6,3,3,66,63
"515","226",2,"1","256","3","3",71,1,3,0,3,5,"pos",3.625,5.7,5.5,0,3.08333333333333,7,7,7,2,26,15,11,75,63
"516","227",2,"-1","1500","50","30",52,0,0,1,2,5,"pos",4.25,4.1,3.8,2,3.08333333333333,4.75,3.25,3.75,4.25,16,6,10,53,54
"517","228",1,"1","1500","23","20",62,0,2,0,3,5,"neg",4.5,4.3,3.9,1,3.25,6.75,6.25,6.75,4.5,10,5,5,66,60
"518","229",3,"-1","1200","100","800",64,0,2,0,5,6,"neg",4.5,5.9,4.3,1,3.41666666666667,5.5,5.75,4.25,6.25,20,10,10,70,65
"519","230",3,"-1","1000","200","500",45,1,2,0,1,6,"pos",1.375,5.8,2.5,0,2.91666666666667,5.5,7,6.25,1,6,3,3,80,70
"520","231",1,"-1","1300","300","800",53,1,3,0,7,5,"neg",4.5,2.7,4.1,1,3.66666666666667,4.5,5.75,6.25,5.25,10,5,5,56,61
"521","232",3,"-1","864","10","54",37,0,4,1,5,4,"pos",5.875,5,3.9,1,3.58333333333333,5.25,5.5,5.5,4.5,3,1,2,73,57
"522","233",2,"-1","1600","100","150",58,0,4,0,7,6,"neg",3.875,6.3,4.3,1,2.83333333333333,6,7,7,6.5,19,9,10,71,69
"523","234",2,"1","1200","20","100",52,0,2,0,5,5,"neg",4.125,2.9,5,1,3.33333333333333,5.25,5.25,5.75,2.5,7,4,3,66,78
"524","235",3,"1","21900","5000","10000",59,1,2,0,2,5,"pos",4.125,5.3,4.5,0,3.16666666666667,5.5,6.25,5.5,5.5,32,16,16,80,60
"525","236",2,"-1","2000","150","1850",83,1,2,1,4,4,"neg",3.875,4.6,4.7,1,3.33333333333333,5.25,5,5.5,4.25,4,3,1,77,68
"526","237",3,"-1","25","0","10",59,1,2,0,6,5,"pos",3.25,5.5,3.9,0,3.25,5.5,5,3.75,2.5,16,9,7,66,62
"527","238",2,"1","1300","200","100",36,0,1,0,0,5,"pos",3,3.2,2.7,0,3.41666666666667,3,3.75,2.75,2.25,14,7,7,77,62
"528","239",2,"-1","30000","2000","3000",49,1,1,0,4,6,"pos",4.75,5.7,4.8,0,3.58333333333333,4,4.75,4,4.25,2,2,0,56,56
"529","240",1,"1","1000","10","10",24,0,4,1,4,4,"neg",3.375,4.1,3.9,1,3.16666666666667,3,2.5,2.25,5.25,25,10,15,55,57
"530","241",3,"-1","500","5","10",50,1,3,1,5,5,"pos",4.125,4.4,3.9,1,2.91666666666667,4,4,4,4,10,10,0,75,59
"531","242",2,"-1","250","50","20",37,0,1,0,3,6,"pos",2.875,4.9,3.9,1,3.41666666666667,5.5,5.75,5.75,4.25,29,16,13,72,67
"532","243",1,"-1","4000","1000","2000",28,0,1,0,7,6,"neg",2.875,4,5.8,1,4.41666666666667,6.25,3.75,5.75,4.5,15,8,7,55,63
"533","244",1,"-1","1000000","1000","100000",34,0,1,0,1,4,"neg",4.125,4,3.8,1,3.16666666666667,3.75,3.75,4,4,16,9,7,49,50
"534","245",3,"-1","250","100","50",54,1,2,0,7,6,"pos",3.375,3.8,4.1,1,2.83333333333333,4.25,4.75,4.25,4.75,8,4,4,76,68
"535","246",3,"-1","100","5","3",23,1,1,0,3,4,"neg",2.875,3.8,4.4,1,3.41666666666667,4.5,4.75,3.5,3.5,14,7,7,68,54
"536","247",1,"-1","10","1","1",31,0,1,0,2,5,"pos",3.875,4.8,5.9,0,2.83333333333333,7,6.5,6.5,5.5,10,5,5,100,59
"537","248",1,"-1","330","40","60",30,1,4,0,3,5,"pos",4,3.5,3.2,1,3,6,3.75,5,4.5,15,8,7,75,45
"538","249",3,"-1","300","20","25",42,1,4,0,5,5,"pos",3.75,5.3,5.6,1,3,7,7,6,5,11,5,6,77,62
"540","251",2,"-1","100","20","50",47,1,5,0,6,4,"neg",4.25,4.5,5.9,1,3.08333333333333,6,6,5,5.75,11,6,5,65,59
"541","252",3,"-1","1400","120","160",71,0,5,0,7,5,"neg",3.75,6.1,5.4,1,2.91666666666667,6.75,6,6.5,5.5,6,3,3,61,64
"542","253",1,"1","200","50","40",24,1,5,1,7,4,"pos",3.625,3.7,5.7,2,2.75,5.75,6.25,5.75,5.25,20,10,10,65,75
"543","254",3,"1","200","30","30",37,0,2,0,7,5,"neg",4.75,5.3,4.5,2,2.91666666666667,5.5,5.5,5,3.25,15,7,8,69,59
"544","255",3,"-1","5000","300","200",39,0,5,0,7,4,"neg",4.75,4.5,6.2,1,3.16666666666667,5,6,3.75,3,2,1,1,67,66
"545","256",2,"-1","7000","100","200",58,0,3,0,7,5,"pos",3.25,4.9,6.1,1,3.41666666666667,7,7,6.75,6,18,10,8,72,63
